male,female,last
James,Mary,Smith
Robert,Patricia,Johnson
John,Jennifer,Williams
Michael,Linda,Brown
David,Elizabeth,Jones
William,Barbara,Garcia
Richard,Susan,Miller
Joseph,Jessica,Davis
Thomas,Sarah,Rodriguez
Charles,Karen,Martinez
Christopher,Lisa,Hernandez
Daniel,Nancy,Lopez
Matthew,Betty,Gonzalez
Anthony,Margaret,Wilson
Mark,Sandra,Anderson
Donald,Ashley,Thomas
Steven,Kimberly,Taylor
Paul,Emily,Moore
Andrew,Donna,Jackson
Joshua,Michelle,Martin
Kenneth,Carol,Lee
Kevin,Amanda,Perez
Brian,Dorothy,Thompson
George,Melissa,White
Timothy,Deborah,Harris
Ronald,Stephanie,Sanchez
Edward,Rebecca,Clark
Jason,Sharon,Ramirez
Jeffrey,Laura,Lewis
Ryan,Cynthia,Robinson
Jacob,Kathleen,Walker
Gary,Amy,Young
Nicholas,Angela,Allen
Eric,Shirley,King
Jonathan,Anna,Wright
Stephen,Brenda,Scott
Larry,Pamela,Torres
Justin,Emma,Nguyen
Scott,Nicole,Hill
Brandon,Helen,Flores
Benjamin,Samantha,Green
Samuel,Katherine,Adams
Gregory,Christine,Nelson
Alexander,Debra,Baker
Frank,Rachel,Hall
Patrick,Carolyn,Rivera
Raymond,Janet,Campbell
Jack,Catherine,Mitchell
Dennis,Maria,Carter
Jerry,Heather,Roberts
Tyler,Diane,Gomez
Aaron,Ruth,Phillips
Jose,Julie,Evans
Adam,Olivia,Turner
Nathan,Joyce,Diaz
Henry,Virginia,Parker
Douglas,Victoria,Cruz
Zachary,Kelly,Edwards
Peter,Lauren,Collins
Kyle,Christina,Reyes
Ethan,Joan,Stewart
Walter,Evelyn,Morris
Noah,Judith,Morales
Jeremy,Megan,Murphy
Christian,Andrea,Cook
Keith,Cheryl,Rogers
Roger,Hannah,Gutierrez
Terry,Jacqueline,Ortiz
Gerald,Martha,Morgan
Harold,Gloria,Cooper
Sean,Teresa,Peterson
Austin,Ann,Bailey
Carl,Sara,Reed
Arthur,Madison,Kelly
Lawrence,Frances,Howard
Dylan,Kathryn,Ramos
Jesse,Janice,Kim
Jordan,Jean,Cox
Bryan,Abigail,Ward
Billy,Alice,Richardson
Joe,Julia,Watson
Bruce,Judy,Brooks
Gabriel,Sophia,Chavez
Logan,Grace,Wood
Albert,Denise,James
Willie,Amber,Bennett
Alan,Doris,Gray
Juan,Marilyn,Mendoza
Wayne,Danielle,Ruiz
Elijah,Beverly,Hughes
Randy,Isabella,Price
Roy,Theresa,Alvarez
Vincent,Diana,Castillo
Ralph,Natalie,Sanders
Eugene,Brittany,Patel
Russell,Charlotte,Myers
Bobby,Marie,Long
Mason,Kayla,Ross
Philip,Alexis,Foster
Louis,Lori,Jimenez
